DELETE FROM ALUNO;

INSERT INTO ALUNO(CD_ALUNO, NR_MATRICULA, NM_ALUNO, DS_SENHA, VL_IRA) 
 VALUES(1001, 123, 'rbonifacio', '123', 3.3);

INSERT INTO ALUNO(CD_ALUNO, NR_MATRICULA, NM_ALUNO, DS_SENHA, VL_IRA) 
 VALUES(1002, 456, 'hbonifacio', '456', 4.3);


INSERT INTO ALUNO(CD_ALUNO, NR_MATRICULA, NM_ALUNO, DS_SENHA, VL_IRA) 
 VALUES(1003, 789, 'ibonifacio', '789', 3.8);


INSERT INTO ALUNO(CD_ALUNO, NR_MATRICULA, NM_ALUNO, DS_SENHA, VL_IRA) 
 VALUES(1004, 987, 'jbonifacio', '987', 4.5);


INSERT INTO ALUNO(CD_ALUNO, NR_MATRICULA, NM_ALUNO, DS_SENHA, VL_IRA) 
 VALUES(1005, 654, 'kbonifacio', '654', 3.5);

DELETE FROM PROFESSOR;

INSERT INTO PROFESSOR(CD_PROFESSOR, NR_MATRICULA, NM_PROFESSOR, DS_SENHA) 
 VALUES(10001, 123, 'Professor 01', '123');


INSERT INTO PROFESSOR(CD_PROFESSOR, NR_MATRICULA, NM_PROFESSOR, DS_SENHA) 
 VALUES(10002, 456, 'Professor 02', '456');


INSERT INTO PROFESSOR(CD_PROFESSOR, NR_MATRICULA, NM_PROFESSOR, DS_SENHA) 
 VALUES(10003, 789, 'Professor 03', '789');


INSERT INTO PROFESSOR(CD_PROFESSOR, NR_MATRICULA, NM_PROFESSOR, DS_SENHA) 
 VALUES(10004, 987, 'Professor 04', '987');


--- 
DELETE FROM DEPARTAMENTO;

INSERT INTO DEPARTAMENTO VALUES(113, 'MATERMATICA')
INSERT INTO DEPARTAMENTO VALUES(116, 'CIENCIA DA COMPUTACAO')

---
DELETE FROM DISCIPLINA;

INSERT INTO DISCIPLINA(CD_DISCIPLINA, NR_DISCIPLINA, NM_DISCIPLINA, CD_DEPARTAMENTO, IN_TIPO) 
 VALUES(101, 113034, 'Calculo I', 113, 'F');

INSERT INTO DISCIPLINA(CD_DISCIPLINA, NR_DISCIPLINA, NM_DISCIPLINA, CD_DEPARTAMENTO, IN_TIPO) 
 VALUES(102, 113476, 'Algoritmos e Prog. de Computadores', 116, 'F');

INSERT INTO DISCIPLINA(CD_DISCIPLINA, NR_DISCIPLINA, NM_DISCIPLINA, CD_DEPARTAMENTO, IN_TIPO) 
 VALUES(103, 113468, 'Introducao aos Sistemas Computacionais', 116, 'F');

INSERT INTO DISCIPLINA(CD_DISCIPLINA, NR_DISCIPLINA, NM_DISCIPLINA, CD_DEPARTAMENTO, IN_TIPO) 
 VALUES(104, 116726, 'Informatica e Sociedade', 116, 'C');

DELETE FROM HISTORICO;

-- HISTORICO DO PRIMEIRO ALUNO 

INSERT INTO HISTORICO(NR_ANO_SEMESTRE, CD_ALUNO, CD_DISCIPLINA, VL_MENCAO) 
 VALUES(20161, 1001, 101, 'MS');

INSERT INTO HISTORICO(NR_ANO_SEMESTRE, CD_ALUNO, CD_DISCIPLINA, VL_MENCAO) 
 VALUES(20161, 1001, 102, 'MM');


INSERT INTO HISTORICO(NR_ANO_SEMESTRE, CD_ALUNO, CD_DISCIPLINA, VL_MENCAO) 
 VALUES(20161, 1001, 103, 'MS');


INSERT INTO HISTORICO(NR_ANO_SEMESTRE, CD_ALUNO, CD_DISCIPLINA, VL_MENCAO) 
 VALUES(20161, 1001, 104, 'SS');

-- HISTORICO DO SEGUNDO ALUNO

INSERT INTO HISTORICO(NR_ANO_SEMESTRE, CD_ALUNO, CD_DISCIPLINA, VL_MENCAO) 
 VALUES(20161, 1002, 101, 'MS');

INSERT INTO HISTORICO(NR_ANO_SEMESTRE, CD_ALUNO, CD_DISCIPLINA, VL_MENCAO) 
 VALUES(20161, 1002, 102, 'SS');


INSERT INTO HISTORICO(NR_ANO_SEMESTRE, CD_ALUNO, CD_DISCIPLINA, VL_MENCAO) 
 VALUES(20161, 1002, 103, 'MM');

-- OFERTA

DELETE FROM OFERTA;

INSERT INTO OFERTA(CD_DISCIPLINA, CD_PROFESSOR, NR_ANO_SEMESTRE, DS_TURMA, NR_ALUNOS) 
 VALUES(101, 10001, 20162, 'A', 60); 

INSERT INTO OFERTA(CD_DISCIPLINA, CD_PROFESSOR, NR_ANO_SEMESTRE, DS_TURMA, NR_ALUNOS) 
 VALUES(101, 10002, 20162, 'B', 40); 

INSERT INTO OFERTA(CD_DISCIPLINA, CD_PROFESSOR, NR_ANO_SEMESTRE, DS_TURMA, NR_ALUNOS) 
 VALUES(101, 10002, 20162, 'C', 30); 

INSERT INTO OFERTA(CD_DISCIPLINA, CD_PROFESSOR, NR_ANO_SEMESTRE, DS_TURMA, NR_ALUNOS) 
 VALUES(101, 10003, 20162, 'D', 25); 

INSERT INTO OFERTA(CD_DISCIPLINA, CD_PROFESSOR, NR_ANO_SEMESTRE, DS_TURMA, NR_ALUNOS) 
 VALUES(101, 10004, 20162, 'E', 15); 

